algorithm,scenario,input_type,size,time_seconds,comparisons,swaps,runs,is_valid
Bubble Sort,Entrada Aleatória,Random Numbers,100,0.000486,4895,2506,3,True
Selection Sort,Entrada Aleatória,Random Numbers,100,0.000325,4950,98,3,True
Insertion Sort,Entrada Aleatória,Random Numbers,100,0.000247,2601,2506,3,True
Merge Sort,Entrada Aleatória,Random Numbers,100,0.000119,543,672,3,True
Quick Sort,Entrada Aleatória,Random Numbers,100,8.2e-05,686,450,3,True
Heap Sort,Entrada Aleatória,Random Numbers,100,0.000137,1028,582,3,True
Bubble Sort,Entrada Aleatória,Random Numbers,500,0.014757,123760,60394,3,True
Selection Sort,Entrada Aleatória,Random Numbers,500,0.008176,124750,496,3,True
Insertion Sort,Entrada Aleatória,Random Numbers,500,0.005335,60889,60394,3,True
Merge Sort,Entrada Aleatória,Random Numbers,500,0.000765,3877,4488,3,True
Quick Sort,Entrada Aleatória,Random Numbers,500,0.000466,4492,2363,3,True
Heap Sort,Entrada Aleatória,Random Numbers,500,0.00096,7463,4066,3,True
Bubble Sort,Entrada Aleatória,Random Numbers,1000,0.058573,499035,253536,3,True
Selection Sort,Entrada Aleatória,Random Numbers,1000,0.036986,499500,988,3,True
Insertion Sort,Entrada Aleatória,Random Numbers,1000,0.022881,254530,253536,3,True
Merge Sort,Entrada Aleatória,Random Numbers,1000,0.001586,8709,9976,3,True
Quick Sort,Entrada Aleatória,Random Numbers,1000,0.00104,10187,5563,3,True
Heap Sort,Entrada Aleatória,Random Numbers,1000,0.002248,16855,9070,3,True
Bubble Sort,Entrada Aleatória,Random Numbers,5000,1.679035,12496597,6359272,3,True
Selection Sort,Entrada Aleatória,Random Numbers,5000,0.996834,12497500,4991,3,True
Insertion Sort,Entrada Aleatória,Random Numbers,5000,0.742394,6364264,6359272,3,True
Merge Sort,Entrada Aleatória,Random Numbers,5000,0.013935,55213,61808,3,True
Quick Sort,Entrada Aleatória,Random Numbers,5000,0.010588,66935,36733,3,True
Heap Sort,Entrada Aleatória,Random Numbers,5000,0.016877,107623,57038,3,True
Merge Sort,Entrada Aleatória,Random Numbers,10000,0.021113,120407,133616,3,True
Quick Sort,Entrada Aleatória,Random Numbers,10000,0.01798,141643,78298,3,True
Heap Sort,Entrada Aleatória,Random Numbers,10000,0.04349,235396,124158,3,True
Merge Sort,Entrada Aleatória,Random Numbers,50000,0.14764,718286,784464,3,True
Quick Sort,Entrada Aleatória,Random Numbers,50000,0.105086,873605,473323,3,True
Heap Sort,Entrada Aleatória,Random Numbers,50000,0.239216,1409853,737574,3,True
Merge Sort,Entrada Aleatória,Random Numbers,100000,0.329992,1536389,1668928,3,True
Quick Sort,Entrada Aleatória,Random Numbers,100000,0.226681,1917708,1095388,3,True
Heap Sort,Entrada Aleatória,Random Numbers,100000,0.562683,3019707,1574936,3,True
Bubble Sort,Entrada Já Ordenada,Already Sorted,100,7e-06,99,0,3,True
Selection Sort,Entrada Já Ordenada,Already Sorted,100,0.000289,4950,0,3,True
Insertion Sort,Entrada Já Ordenada,Already Sorted,100,9e-06,99,0,3,True
Merge Sort,Entrada Já Ordenada,Already Sorted,100,0.0001,356,672,3,True
Quick Sort,Entrada Já Ordenada,Already Sorted,100,6.9e-05,606,345,3,True
Heap Sort,Entrada Já Ordenada,Already Sorted,100,0.00017,1081,640,3,True
Bubble Sort,Entrada Já Ordenada,Already Sorted,500,3.5e-05,499,0,3,True
Selection Sort,Entrada Já Ordenada,Already Sorted,500,0.010789,124750,0,3,True
Insertion Sort,Entrada Já Ordenada,Already Sorted,500,5e-05,499,0,3,True
Merge Sort,Entrada Já Ordenada,Already Sorted,500,0.00068,2272,4488,3,True
Quick Sort,Entrada Já Ordenada,Already Sorted,500,0.000387,4008,2232,3,True
Heap Sort,Entrada Já Ordenada,Already Sorted,500,0.001006,7756,4354,3,True
Bubble Sort,Entrada Já Ordenada,Already Sorted,1000,7.2e-05,999,0,3,True
Selection Sort,Entrada Já Ordenada,Already Sorted,1000,0.040035,499500,0,3,True
Insertion Sort,Entrada Já Ordenada,Already Sorted,1000,0.000161,999,0,3,True
Merge Sort,Entrada Já Ordenada,Already Sorted,1000,0.002051,5044,9976,3,True
Quick Sort,Entrada Já Ordenada,Already Sorted,1000,0.001235,9009,4960,3,True
Heap Sort,Entrada Já Ordenada,Already Sorted,1000,0.002377,17583,9708,3,True
Bubble Sort,Entrada Já Ordenada,Already Sorted,5000,0.000399,4999,0,3,True
Selection Sort,Entrada Já Ordenada,Already Sorted,5000,0.960218,12497500,0,3,True
Insertion Sort,Entrada Já Ordenada,Already Sorted,5000,0.000595,4999,0,3,True
Merge Sort,Entrada Já Ordenada,Already Sorted,5000,0.011453,32004,61808,3,True
Quick Sort,Entrada Já Ordenada,Already Sorted,5000,0.005741,57726,30713,3,True
Heap Sort,Entrada Já Ordenada,Already Sorted,5000,0.01936,112126,60932,3,True
Bubble Sort,Entrada Já Ordenada,Already Sorted,10000,0.001078,9999,0,3,True
Insertion Sort,Entrada Já Ordenada,Already Sorted,10000,0.00113,9999,0,3,True
Merge Sort,Entrada Já Ordenada,Already Sorted,10000,0.025384,69008,133616,3,True
Quick Sort,Entrada Já Ordenada,Already Sorted,10000,0.012638,125439,66421,3,True
Heap Sort,Entrada Já Ordenada,Already Sorted,10000,0.037808,244460,131956,3,True
Bubble Sort,Entrada Já Ordenada,Already Sorted,50000,0.005453,49999,0,3,True
Insertion Sort,Entrada Já Ordenada,Already Sorted,50000,0.007173,49999,0,3,True
Merge Sort,Entrada Já Ordenada,Already Sorted,50000,0.128837,401952,784464,3,True
Quick Sort,Entrada Já Ordenada,Already Sorted,50000,0.080097,750015,398052,3,True
Heap Sort,Entrada Já Ordenada,Already Sorted,50000,0.227234,1455438,773304,3,True
Bubble Sort,Entrada Já Ordenada,Already Sorted,100000,0.009108,99999,0,3,True
Insertion Sort,Entrada Já Ordenada,Already Sorted,100000,0.012498,99999,0,3,True
Merge Sort,Entrada Já Ordenada,Already Sorted,100000,0.211996,853904,1668928,3,True
Quick Sort,Entrada Já Ordenada,Already Sorted,100000,0.14371,1600016,846100,3,True
Heap Sort,Entrada Já Ordenada,Already Sorted,100000,0.434111,3112517,1650854,3,True
Bubble Sort,Entrada Inversamente Ordenada,Reverse Sorted,100,0.000624,4950,4950,3,True
Selection Sort,Entrada Inversamente Ordenada,Reverse Sorted,100,0.000303,4950,50,3,True
Insertion Sort,Entrada Inversamente Ordenada,Reverse Sorted,100,0.000436,4950,4950,3,True
Merge Sort,Entrada Inversamente Ordenada,Reverse Sorted,100,9.1e-05,316,672,3,True
Quick Sort,Entrada Inversamente Ordenada,Reverse Sorted,100,8e-05,796,496,3,True
Heap Sort,Entrada Inversamente Ordenada,Reverse Sorted,100,0.000121,944,516,3,True
Bubble Sort,Entrada Inversamente Ordenada,Reverse Sorted,500,0.014581,124750,124750,3,True
Selection Sort,Entrada Inversamente Ordenada,Reverse Sorted,500,0.008545,124750,250,3,True
Insertion Sort,Entrada Inversamente Ordenada,Reverse Sorted,500,0.014625,124750,124750,3,True
Merge Sort,Entrada Inversamente Ordenada,Reverse Sorted,500,0.00059,2216,4488,3,True
Quick Sort,Entrada Inversamente Ordenada,Reverse Sorted,500,0.000619,6568,4040,3,True
Heap Sort,Entrada Inversamente Ordenada,Reverse Sorted,500,0.000863,7010,3676,3,True
Bubble Sort,Entrada Inversamente Ordenada,Reverse Sorted,1000,0.074323,499500,499500,3,True
Selection Sort,Entrada Inversamente Ordenada,Reverse Sorted,1000,0.035512,499500,500,3,True
Insertion Sort,Entrada Inversamente Ordenada,Reverse Sorted,1000,0.049014,499500,499500,3,True
Merge Sort,Entrada Inversamente Ordenada,Reverse Sorted,1000,0.002048,4932,9976,3,True
Quick Sort,Entrada Inversamente Ordenada,Reverse Sorted,1000,0.001959,15456,9464,3,True
Heap Sort,Entrada Inversamente Ordenada,Reverse Sorted,1000,0.002062,15965,8316,3,True
Bubble Sort,Entrada Inversamente Ordenada,Reverse Sorted,5000,1.6755,12497500,12497500,3,True
Selection Sort,Entrada Inversamente Ordenada,Reverse Sorted,5000,0.99263,12497500,2500,3,True
Insertion Sort,Entrada Inversamente Ordenada,Reverse Sorted,5000,1.350947,12497500,12497500,3,True
Merge Sort,Entrada Inversamente Ordenada,Reverse Sorted,5000,0.010234,29804,61808,3,True
Quick Sort,Entrada Inversamente Ordenada,Reverse Sorted,5000,0.011925,105744,64520,3,True
Heap Sort,Entrada Inversamente Ordenada,Reverse Sorted,5000,0.017507,103227,53436,3,True
Merge Sort,Entrada Inversamente Ordenada,Reverse Sorted,10000,0.021589,64608,133616,3,True
Quick Sort,Entrada Inversamente Ordenada,Reverse Sorted,10000,0.026734,236628,144252,3,True
Heap Sort,Entrada Inversamente Ordenada,Reverse Sorted,10000,0.035188,226682,116696,3,True
Merge Sort,Entrada Inversamente Ordenada,Reverse Sorted,50000,0.111303,382512,784464,3,True
Quick Sort,Entrada Inversamente Ordenada,Reverse Sorted,50000,0.146497,1476076,896636,3,True
Heap Sort,Entrada Inversamente Ordenada,Reverse Sorted,50000,0.211375,1366047,698892,3,True
Merge Sort,Entrada Inversamente Ordenada,Reverse Sorted,100000,0.23776,815024,1668928,3,True
Quick Sort,Entrada Inversamente Ordenada,Reverse Sorted,100000,0.317048,3202028,1943196,3,True
Heap Sort,Entrada Inversamente Ordenada,Reverse Sorted,100000,0.481839,2926640,1497434,3,True
Bubble Sort,Entrada Parcialmente Ordenada,Nearly Sorted,100,0.000421,4884,337,3,True
Selection Sort,Entrada Parcialmente Ordenada,Nearly Sorted,100,0.000302,4950,5,3,True
Insertion Sort,Entrada Parcialmente Ordenada,Nearly Sorted,100,3.9e-05,436,337,3,True
Merge Sort,Entrada Parcialmente Ordenada,Nearly Sorted,100,9.9e-05,455,672,3,True
Quick Sort,Entrada Parcialmente Ordenada,Nearly Sorted,100,9.2e-05,954,280,3,True
Heap Sort,Entrada Parcialmente Ordenada,Nearly Sorted,100,0.000147,1083,635,3,True
Bubble Sort,Entrada Parcialmente Ordenada,Nearly Sorted,500,0.009186,124579,9341,3,True
Selection Sort,Entrada Parcialmente Ordenada,Nearly Sorted,500,0.008061,124750,25,3,True
Insertion Sort,Entrada Parcialmente Ordenada,Nearly Sorted,500,0.000994,9836,9341,3,True
Merge Sort,Entrada Parcialmente Ordenada,Nearly Sorted,500,0.000669,3354,4488,3,True
Quick Sort,Entrada Parcialmente Ordenada,Nearly Sorted,500,0.000905,14341,2208,3,True
Heap Sort,Entrada Parcialmente Ordenada,Nearly Sorted,500,0.001049,7694,4287,3,True
Bubble Sort,Entrada Parcialmente Ordenada,Nearly Sorted,1000,0.041172,496419,31076,3,True
Selection Sort,Entrada Parcialmente Ordenada,Nearly Sorted,1000,0.041205,499500,50,3,True
Insertion Sort,Entrada Parcialmente Ordenada,Nearly Sorted,1000,0.002978,32075,31076,3,True
Merge Sort,Entrada Parcialmente Ordenada,Nearly Sorted,1000,0.001475,7505,9976,3,True
Quick Sort,Entrada Parcialmente Ordenada,Nearly Sorted,1000,0.001391,19597,4249,3,True
Heap Sort,Entrada Parcialmente Ordenada,Nearly Sorted,1000,0.002778,17485,9668,3,True
Bubble Sort,Entrada Parcialmente Ordenada,Nearly Sorted,5000,1.083842,12452650,754256,3,True
Selection Sort,Entrada Parcialmente Ordenada,Nearly Sorted,5000,0.851214,12497500,250,3,True
Insertion Sort,Entrada Parcialmente Ordenada,Nearly Sorted,5000,0.080628,759255,754256,3,True
Merge Sort,Entrada Parcialmente Ordenada,Nearly Sorted,5000,0.009066,50648,61808,3,True
Quick Sort,Entrada Parcialmente Ordenada,Nearly Sorted,5000,0.006498,79519,28680,3,True
Heap Sort,Entrada Parcialmente Ordenada,Nearly Sorted,5000,0.015821,111693,60416,3,True
Merge Sort,Entrada Parcialmente Ordenada,Nearly Sorted,10000,0.02017,112004,133616,3,True
Quick Sort,Entrada Parcialmente Ordenada,Nearly Sorted,10000,0.017719,242978,66402,3,True
Heap Sort,Entrada Parcialmente Ordenada,Nearly Sorted,10000,0.032352,243445,130720,3,True
Merge Sort,Entrada Parcialmente Ordenada,Nearly Sorted,50000,0.127651,672211,784464,3,True
Quick Sort,Entrada Parcialmente Ordenada,Nearly Sorted,50000,0.086412,1155850,372239,3,True
Heap Sort,Entrada Parcialmente Ordenada,Nearly Sorted,50000,0.196065,1451216,771036,3,True
Merge Sort,Entrada Parcialmente Ordenada,Nearly Sorted,100000,0.24967,1449138,1668928,3,True
Quick Sort,Entrada Parcialmente Ordenada,Nearly Sorted,100000,0.192901,2665471,789981,3,True
Heap Sort,Entrada Parcialmente Ordenada,Nearly Sorted,100000,0.426304,3103938,1642712,3,True
Bubble Sort,Objetos Customizados,Custom Objects,100,0.000508,4740,2225,3,True
Selection Sort,Objetos Customizados,Custom Objects,100,0.00034,4950,93,3,True
Insertion Sort,Objetos Customizados,Custom Objects,100,0.000249,2320,2225,3,True
Merge Sort,Objetos Customizados,Custom Objects,100,0.000114,534,672,3,True
Quick Sort,Objetos Customizados,Custom Objects,100,7.8e-05,645,408,3,True
Heap Sort,Objetos Customizados,Custom Objects,100,0.00015,1031,587,3,True
Bubble Sort,Objetos Customizados,Custom Objects,500,0.012596,123475,60397,3,True
Selection Sort,Objetos Customizados,Custom Objects,500,0.008387,124750,493,3,True
Insertion Sort,Objetos Customizados,Custom Objects,500,0.00566,60891,60397,3,True
Merge Sort,Objetos Customizados,Custom Objects,500,0.00075,3851,4488,3,True
Quick Sort,Objetos Customizados,Custom Objects,500,0.00048,4563,2409,3,True
Heap Sort,Objetos Customizados,Custom Objects,500,0.001012,7451,4062,3,True
Bubble Sort,Objetos Customizados,Custom Objects,1000,0.055609,498834,253593,3,True
Selection Sort,Objetos Customizados,Custom Objects,1000,0.033665,499500,991,3,True
Insertion Sort,Objetos Customizados,Custom Objects,1000,0.023231,254587,253593,3,True
Merge Sort,Objetos Customizados,Custom Objects,1000,0.001612,8707,9976,3,True
Quick Sort,Objetos Customizados,Custom Objects,1000,0.001043,10163,5594,3,True
Heap Sort,Objetos Customizados,Custom Objects,1000,0.002282,16834,9059,3,True
Bubble Sort,Objetos Customizados,Custom Objects,5000,1.405312,12478779,6298597,3,True
Selection Sort,Objetos Customizados,Custom Objects,5000,0.866013,12497500,4994,3,True
Insertion Sort,Objetos Customizados,Custom Objects,5000,0.596708,6303588,6298597,3,True
Merge Sort,Objetos Customizados,Custom Objects,5000,0.011839,55273,61808,3,True
Quick Sort,Objetos Customizados,Custom Objects,5000,0.009195,65138,32575,3,True
Heap Sort,Objetos Customizados,Custom Objects,5000,0.016073,107652,57089,3,True
